idx,model,dataset,is_correct,word_count,wait_count,token_diversity,token_diversity_last_2k,has_boxed_answer,gibberish_count,repeated_char_count
0,DeepSeek-R1-Distill-Qwen-1.5B-awq-w3g128-tp1,MATH-500,False,21287,3382,0.019025696434443556,0.005,False,33,0
1,DeepSeek-R1-Distill-Qwen-1.5B-awq-w3g128-tp1,MATH-500,True,1385,6,0.2563176895306859,0.2563176895306859,True,1,0
2,DeepSeek-R1-Distill-Qwen-1.5B-awq-w3g128-tp1,MATH-500,True,2168,49,0.20064575645756458,0.2065,True,2,0
3,DeepSeek-R1-Distill-Qwen-1.5B-awq-w3g128-tp1,MATH-500,False,24444,991,0.031173294059892,0.0235,False,11,0
4,DeepSeek-R1-Distill-Qwen-1.5B-awq-w3g128-tp1,MATH-500,True,2878,119,0.1108408617095205,0.1205,True,1,0
5,DeepSeek-R1-Distill-Qwen-1.5B-awq-w3g128-tp1,MATH-500,True,25225,1711,0.01554013875123885,0.0345,False,3,0
6,DeepSeek-R1-Distill-Qwen-1.5B-awq-w3g128-tp1,MATH-500,True,15163,543,0.061399459209918884,0.004,False,5,0
7,DeepSeek-R1-Distill-Qwen-1.5B-awq-w3g128-tp1,MATH-500,True,16148,3043,0.03083973247460986,0.014,False,287,2
8,DeepSeek-R1-Distill-Qwen-1.5B-awq-w3g128-tp1,MATH-500,False,16056,3813,0.03195067264573991,0.0005,False,5,0
9,DeepSeek-R1-Distill-Qwen-1.5B-awq-w3g128-tp1,MATH-500,False,10420,284,0.07226487523992323,0.092,True,4,1
10,DeepSeek-R1-Distill-Qwen-1.5B-awq-w3g128-tp1,MATH-500,False,14553,722,0.035181749467463753,0.0005,False,4,1
11,DeepSeek-R1-Distill-Qwen-1.5B-awq-w3g128-tp1,MATH-500,True,1665,34,0.3075075075075075,0.3075075075075075,True,1,0
12,DeepSeek-R1-Distill-Qwen-1.5B-awq-w3g128-tp1,MATH-500,True,2424,113,0.25742574257425743,0.268,True,6,0
13,DeepSeek-R1-Distill-Qwen-1.5B-awq-w3g128-tp1,MATH-500,True,2687,28,0.13025679196129514,0.1295,True,5,1
14,DeepSeek-R1-Distill-Qwen-1.5B-awq-w3g128-tp1,MATH-500,False,1532,46,0.2447780678851175,0.2447780678851175,False,3,35
15,DeepSeek-R1-Distill-Qwen-1.5B-awq-w3g128-tp1,MATH-500,True,735,2,0.34829931972789113,0.34829931972789113,True,1,0
16,DeepSeek-R1-Distill-Qwen-1.5B-awq-w3g128-tp1,MATH-500,True,11420,1396,0.0276707530647986,0.024,False,1,4
17,DeepSeek-R1-Distill-Qwen-1.5B-awq-w3g128-tp1,MATH-500,True,13382,553,0.04020325810790614,0.032,False,4,0
18,DeepSeek-R1-Distill-Qwen-1.5B-awq-w3g128-tp1,MATH-500,False,16143,119,0.022486526667905595,0.017,False,3,0
19,DeepSeek-R1-Distill-Qwen-1.5B-awq-w3g128-tp1,MATH-500,True,4673,72,0.1123475283543762,0.153,True,2,0
20,DeepSeek-R1-Distill-Qwen-1.5B-awq-w3g128-tp1,MATH-500,False,16700,33,0.0281437125748503,0.037,False,6,112
21,DeepSeek-R1-Distill-Qwen-1.5B-awq-w3g128-tp1,MATH-500,True,4117,118,0.17099829973281516,0.2115,True,8,0
22,DeepSeek-R1-Distill-Qwen-1.5B-awq-w3g128-tp1,MATH-500,True,4385,147,0.14572405929304447,0.1645,True,4,0
23,DeepSeek-R1-Distill-Qwen-1.5B-awq-w3g128-tp1,MATH-500,False,16815,222,0.033184656556645854,0.017,False,1,0
24,DeepSeek-R1-Distill-Qwen-1.5B-awq-w3g128-tp1,MATH-500,True,20578,740,0.02920594809991253,0.001,False,1,0
25,DeepSeek-R1-Distill-Qwen-1.5B-awq-w3g128-tp1,MATH-500,False,9341,889,0.03404346429718445,0.0095,False,2,1
26,DeepSeek-R1-Distill-Qwen-1.5B-awq-w3g128-tp1,MATH-500,True,16111,2339,0.03568990130966421,0.0085,False,6,0
27,DeepSeek-R1-Distill-Qwen-1.5B-awq-w3g128-tp1,MATH-500,False,19962,2417,0.030207394048692517,0.0065,False,21,0
28,DeepSeek-R1-Distill-Qwen-1.5B-awq-w3g128-tp1,MATH-500,True,4099,51,0.16174676750426933,0.229,True,3,0
29,DeepSeek-R1-Distill-Qwen-1.5B-awq-w3g128-tp1,MATH-500,True,494,4,0.4311740890688259,0.4311740890688259,True,2,0
30,DeepSeek-R1-Distill-Qwen-1.5B-awq-w3g128-tp1,MATH-500,False,14973,1761,0.0464168837240366,0.0075,False,8,0
31,DeepSeek-R1-Distill-Qwen-1.5B-awq-w3g128-tp1,MATH-500,True,2199,37,0.18917689859026832,0.1915,True,3,0
32,DeepSeek-R1-Distill-Qwen-1.5B-awq-w3g128-tp1,MATH-500,False,7046,1265,0.07436843599205223,0.0035,False,6,0
33,DeepSeek-R1-Distill-Qwen-1.5B-awq-w3g128-tp1,MATH-500,False,22020,1305,0.02329700272479564,0.011,False,6,0
34,DeepSeek-R1-Distill-Qwen-1.5B-awq-w3g128-tp1,MATH-500,True,15749,3486,0.01841386754714585,0.0025,False,2,4
35,DeepSeek-R1-Distill-Qwen-1.5B-awq-w3g128-tp1,MATH-500,False,14222,421,0.04879763746308536,0.0105,False,3,0
36,DeepSeek-R1-Distill-Qwen-1.5B-awq-w3g128-tp1,MATH-500,True,1656,30,0.24516908212560387,0.24516908212560387,True,1,0
37,DeepSeek-R1-Distill-Qwen-1.5B-awq-w3g128-tp1,MATH-500,False,19749,311,0.033824497442908504,0.016,False,10,4
38,DeepSeek-R1-Distill-Qwen-1.5B-awq-w3g128-tp1,MATH-500,False,22212,3446,0.013866378534125697,0.003,False,310,0
39,DeepSeek-R1-Distill-Qwen-1.5B-awq-w3g128-tp1,MATH-500,False,17086,2478,0.033711810839283624,0.0005,False,19,0
40,DeepSeek-R1-Distill-Qwen-1.5B-awq-w3g128-tp1,MATH-500,False,3723,138,0.09642761214074672,0.1175,True,15,0
41,DeepSeek-R1-Distill-Qwen-1.5B-awq-w3g128-tp1,MATH-500,False,11117,1060,0.053431681208959254,0.0175,False,3,47
42,DeepSeek-R1-Distill-Qwen-1.5B-awq-w3g128-tp1,MATH-500,False,21574,1278,0.014137387596180587,0.0255,False,1,1
43,DeepSeek-R1-Distill-Qwen-1.5B-awq-w3g128-tp1,MATH-500,False,22953,746,0.03289330370757635,0.025,False,1,0
44,DeepSeek-R1-Distill-Qwen-1.5B-awq-w3g128-tp1,MATH-500,True,1745,23,0.22808022922636104,0.22808022922636104,True,9,0
45,DeepSeek-R1-Distill-Qwen-1.5B-awq-w3g128-tp1,MATH-500,True,18038,1224,0.03542521343829693,0.072,True,4,0
46,DeepSeek-R1-Distill-Qwen-1.5B-awq-w3g128-tp1,MATH-500,False,24781,49,0.011662160526209596,0.0035,False,5,1
47,DeepSeek-R1-Distill-Qwen-1.5B-awq-w3g128-tp1,MATH-500,False,19068,731,0.03319697923222152,0.015,False,4,0
48,DeepSeek-R1-Distill-Qwen-1.5B-awq-w3g128-tp1,MATH-500,False,7393,127,0.4638171243067767,0.533,False,2,0
49,DeepSeek-R1-Distill-Qwen-1.5B-awq-w3g128-tp1,MATH-500,False,21918,1250,0.03627155762387079,0.023,False,4,0
50,DeepSeek-R1-Distill-Qwen-1.5B-awq-w3g128-tp1,MATH-500,False,21192,235,0.020762551906379767,0.0325,False,0,0
51,DeepSeek-R1-Distill-Qwen-1.5B-awq-w3g128-tp1,MATH-500,False,26329,1467,0.020471723194956132,0.0305,False,5,0
52,DeepSeek-R1-Distill-Qwen-1.5B-awq-w3g128-tp1,MATH-500,False,18625,903,0.03167785234899329,0.001,False,3,3
53,DeepSeek-R1-Distill-Qwen-1.5B-awq-w3g128-tp1,MATH-500,False,18775,152,0.03536617842876165,0.0015,False,8,4
54,DeepSeek-R1-Distill-Qwen-1.5B-awq-w3g128-tp1,MATH-500,False,10774,223,0.14145164284388342,0.054,False,0,3
55,DeepSeek-R1-Distill-Qwen-1.5B-awq-w3g128-tp1,MATH-500,True,616,1,0.33116883116883117,0.33116883116883117,True,1,0
56,DeepSeek-R1-Distill-Qwen-1.5B-awq-w3g128-tp1,MATH-500,True,17818,1436,0.025648220900213268,0.007,False,2,1
57,DeepSeek-R1-Distill-Qwen-1.5B-awq-w3g128-tp1,MATH-500,True,1992,41,0.17821285140562249,0.17821285140562249,True,2,0
58,DeepSeek-R1-Distill-Qwen-1.5B-awq-w3g128-tp1,MATH-500,False,2376,75,0.1675084175084175,0.1735,True,1,0
59,DeepSeek-R1-Distill-Qwen-1.5B-awq-w3g128-tp1,MATH-500,False,17198,4560,0.025409931387370625,0.001,False,5,0
60,DeepSeek-R1-Distill-Qwen-1.5B-awq-w3g128-tp1,MATH-500,True,14227,638,0.018977999578266676,0.0045,False,2,1
61,DeepSeek-R1-Distill-Qwen-1.5B-awq-w3g128-tp1,MATH-500,True,25858,2985,0.017209374274885916,0.007,False,3,0
62,DeepSeek-R1-Distill-Qwen-1.5B-awq-w3g128-tp1,MATH-500,True,23052,58,0.01713517265313205,0.003,False,4,3
63,DeepSeek-R1-Distill-Qwen-1.5B-awq-w3g128-tp1,MATH-500,True,15232,48,0.04136029411764706,0.0015,False,8,4
64,DeepSeek-R1-Distill-Qwen-1.5B-awq-w3g128-tp1,MATH-500,False,15297,3143,0.04105380139896712,0.001,False,10,4
65,DeepSeek-R1-Distill-Qwen-1.5B-awq-w3g128-tp1,MATH-500,False,19663,832,0.026496465442709657,0.0495,False,6,0
66,DeepSeek-R1-Distill-Qwen-1.5B-awq-w3g128-tp1,MATH-500,True,3122,27,0.23574631646380526,0.2765,True,2,0
67,DeepSeek-R1-Distill-Qwen-1.5B-awq-w3g128-tp1,MATH-500,False,13470,816,0.08173719376391982,0.0335,False,6,0
68,DeepSeek-R1-Distill-Qwen-1.5B-awq-w3g128-tp1,MATH-500,True,542,2,0.3837638376383764,0.3837638376383764,True,1,0
69,DeepSeek-R1-Distill-Qwen-1.5B-awq-w3g128-tp1,MATH-500,True,1734,28,0.21683967704728951,0.21683967704728951,True,3,0
70,DeepSeek-R1-Distill-Qwen-1.5B-awq-w3g128-tp1,MATH-500,False,19561,1104,0.022595981800521445,0.044,False,6,0
71,DeepSeek-R1-Distill-Qwen-1.5B-awq-w3g128-tp1,MATH-500,False,13729,375,0.018500983319979604,0.0005,False,2,2
72,DeepSeek-R1-Distill-Qwen-1.5B-awq-w3g128-tp1,MATH-500,False,2334,39,0.18637532133676094,0.191,True,7,0
73,DeepSeek-R1-Distill-Qwen-1.5B-awq-w3g128-tp1,MATH-500,False,20427,478,0.03681402065893181,0.053,False,10,9
74,DeepSeek-R1-Distill-Qwen-1.5B-awq-w3g128-tp1,MATH-500,True,2056,14,0.17023346303501946,0.1705,True,1,0
75,DeepSeek-R1-Distill-Qwen-1.5B-awq-w3g128-tp1,MATH-500,False,14415,143,0.07117585848074921,0.098,True,5,0
76,DeepSeek-R1-Distill-Qwen-1.5B-awq-w3g128-tp1,MATH-500,False,14361,422,0.03084743402270037,0.0035,False,1,0
77,DeepSeek-R1-Distill-Qwen-1.5B-awq-w3g128-tp1,MATH-500,True,911,5,0.27552140504939626,0.27552140504939626,True,2,0
78,DeepSeek-R1-Distill-Qwen-1.5B-awq-w3g128-tp1,MATH-500,False,13180,197,0.05333839150227618,0.0085,False,22,1
79,DeepSeek-R1-Distill-Qwen-1.5B-awq-w3g128-tp1,MATH-500,True,1052,34,0.311787072243346,0.311787072243346,True,2,0
80,DeepSeek-R1-Distill-Qwen-1.5B-awq-w3g128-tp1,MATH-500,False,16389,1305,0.025382878760143997,0.0165,False,4,0
81,DeepSeek-R1-Distill-Qwen-1.5B-awq-w3g128-tp1,MATH-500,True,1930,15,0.1699481865284974,0.1699481865284974,True,2,0
82,DeepSeek-R1-Distill-Qwen-1.5B-awq-w3g128-tp1,MATH-500,True,16938,113,0.018951470067304285,0.0055,False,2,0
83,DeepSeek-R1-Distill-Qwen-1.5B-awq-w3g128-tp1,MATH-500,False,17436,407,0.015083734801559992,0.0375,False,2,1
84,DeepSeek-R1-Distill-Qwen-1.5B-awq-w3g128-tp1,MATH-500,True,4432,127,0.08867328519855595,0.0715,True,2,0
85,DeepSeek-R1-Distill-Qwen-1.5B-awq-w3g128-tp1,MATH-500,False,20894,316,0.0353690054561118,0.077,False,5,1
86,DeepSeek-R1-Distill-Qwen-1.5B-awq-w3g128-tp1,MATH-500,True,579,3,0.3799654576856649,0.3799654576856649,True,1,0
87,DeepSeek-R1-Distill-Qwen-1.5B-awq-w3g128-tp1,MATH-500,True,7998,484,0.07989497374343586,0.0255,False,2,0
88,DeepSeek-R1-Distill-Qwen-1.5B-awq-w3g128-tp1,MATH-500,True,867,3,0.29411764705882354,0.29411764705882354,True,3,0
89,DeepSeek-R1-Distill-Qwen-1.5B-awq-w3g128-tp1,MATH-500,False,5285,120,0.09706717123935667,0.1325,True,2,0
90,DeepSeek-R1-Distill-Qwen-1.5B-awq-w3g128-tp1,MATH-500,False,19758,9075,0.022218848061544692,0.004,False,2,1
91,DeepSeek-R1-Distill-Qwen-1.5B-awq-w3g128-tp1,MATH-500,False,20752,542,0.03970701619121048,0.0305,False,14,0
92,DeepSeek-R1-Distill-Qwen-1.5B-awq-w3g128-tp1,MATH-500,True,16883,1146,0.028016347805484808,0.017,False,2,0
93,DeepSeek-R1-Distill-Qwen-1.5B-awq-w3g128-tp1,MATH-500,True,1367,10,0.2757863935625457,0.2757863935625457,True,1,0
94,DeepSeek-R1-Distill-Qwen-1.5B-awq-w3g128-tp1,MATH-500,True,3656,73,0.12335886214442013,0.1255,True,1,0
95,DeepSeek-R1-Distill-Qwen-1.5B-awq-w3g128-tp1,MATH-500,True,2317,26,0.1519205869659042,0.1615,True,3,0
96,DeepSeek-R1-Distill-Qwen-1.5B-awq-w3g128-tp1,MATH-500,False,17809,266,0.02959177943736313,0.0035,False,3,6
97,DeepSeek-R1-Distill-Qwen-1.5B-awq-w3g128-tp1,MATH-500,True,2144,18,0.271455223880597,0.2805,True,2,0
98,DeepSeek-R1-Distill-Qwen-1.5B-awq-w3g128-tp1,MATH-500,False,21440,521,0.03530783582089552,0.001,False,4,4
99,DeepSeek-R1-Distill-Qwen-1.5B-awq-w3g128-tp1,MATH-500,False,21172,2172,0.02167957679954657,0.0045,False,3,3
100,DeepSeek-R1-Distill-Qwen-1.5B-awq-w3g128-tp1,MATH-500,True,16662,9496,0.04741327571720082,0.003,False,9,0
101,DeepSeek-R1-Distill-Qwen-1.5B-awq-w3g128-tp1,MATH-500,True,741,3,0.3117408906882591,0.3117408906882591,True,1,0
102,DeepSeek-R1-Distill-Qwen-1.5B-awq-w3g128-tp1,MATH-500,True,2048,16,0.267578125,0.2715,True,8,0
103,DeepSeek-R1-Distill-Qwen-1.5B-awq-w3g128-tp1,MATH-500,False,23365,644,0.017248020543548043,0.0195,False,2,4
104,DeepSeek-R1-Distill-Qwen-1.5B-awq-w3g128-tp1,MATH-500,True,3098,39,0.1459005810200129,0.156,True,2,0
105,DeepSeek-R1-Distill-Qwen-1.5B-awq-w3g128-tp1,MATH-500,True,22438,3250,0.020902041180140832,0.004,False,1,3
106,DeepSeek-R1-Distill-Qwen-1.5B-awq-w3g128-tp1,MATH-500,True,653,4,0.43644716692189894,0.43644716692189894,True,1,0
107,DeepSeek-R1-Distill-Qwen-1.5B-awq-w3g128-tp1,MATH-500,True,1874,42,0.20651013874066168,0.20651013874066168,True,1,0
108,DeepSeek-R1-Distill-Qwen-1.5B-awq-w3g128-tp1,MATH-500,False,15439,1214,0.04177731718375542,0.016,False,14,0
109,DeepSeek-R1-Distill-Qwen-1.5B-awq-w3g128-tp1,MATH-500,False,17269,3526,0.019225201227633333,0.011,False,5498,0
110,DeepSeek-R1-Distill-Qwen-1.5B-awq-w3g128-tp1,MATH-500,True,883,14,0.29898074745186864,0.29898074745186864,True,1,0
111,DeepSeek-R1-Distill-Qwen-1.5B-awq-w3g128-tp1,MATH-500,False,16486,3389,0.04409802256460027,0.001,False,8,0
112,DeepSeek-R1-Distill-Qwen-1.5B-awq-w3g128-tp1,MATH-500,True,1916,20,0.14509394572025053,0.14509394572025053,True,2,0
113,DeepSeek-R1-Distill-Qwen-1.5B-awq-w3g128-tp1,MATH-500,True,1709,25,0.24692802808660036,0.24692802808660036,True,6,0
114,DeepSeek-R1-Distill-Qwen-1.5B-awq-w3g128-tp1,MATH-500,False,16350,2468,0.029113149847094802,0.0045,False,894,0
115,DeepSeek-R1-Distill-Qwen-1.5B-awq-w3g128-tp1,MATH-500,True,5652,177,0.07731776362349611,0.1245,True,2,0
116,DeepSeek-R1-Distill-Qwen-1.5B-awq-w3g128-tp1,MATH-500,False,19545,914,0.06073164492197493,0.048,False,8,3
117,DeepSeek-R1-Distill-Qwen-1.5B-awq-w3g128-tp1,MATH-500,False,18910,2562,0.029561078794288737,0.004,False,1467,0
118,DeepSeek-R1-Distill-Qwen-1.5B-awq-w3g128-tp1,MATH-500,True,645,1,0.44031007751937984,0.44031007751937984,True,1,0
119,DeepSeek-R1-Distill-Qwen-1.5B-awq-w3g128-tp1,MATH-500,False,13426,255,0.04833904364665574,0.1,False,3,5
120,DeepSeek-R1-Distill-Qwen-1.5B-awq-w3g128-tp1,MATH-500,False,17323,2164,0.03180742365641055,0.0025,False,2,0
121,DeepSeek-R1-Distill-Qwen-1.5B-awq-w3g128-tp1,MATH-500,False,20595,855,0.03287205632435057,0.045,False,0,0
122,DeepSeek-R1-Distill-Qwen-1.5B-awq-w3g128-tp1,MATH-500,False,23481,2667,0.011243132745624121,0.0025,False,4313,0
123,DeepSeek-R1-Distill-Qwen-1.5B-awq-w3g128-tp1,MATH-500,True,21824,1688,0.018924120234604106,0.0235,False,1,0
124,DeepSeek-R1-Distill-Qwen-1.5B-awq-w3g128-tp1,MATH-500,True,5715,141,0.13613298337707785,0.207,True,3,0
125,DeepSeek-R1-Distill-Qwen-1.5B-awq-w3g128-tp1,MATH-500,False,15362,8373,0.044720739487045955,0.0025,False,315,0
126,DeepSeek-R1-Distill-Qwen-1.5B-awq-w3g128-tp1,MATH-500,True,3528,121,0.16354875283446713,0.186,True,6,0
127,DeepSeek-R1-Distill-Qwen-1.5B-awq-w3g128-tp1,MATH-500,True,1801,20,0.21377012770682954,0.21377012770682954,True,3,0
128,DeepSeek-R1-Distill-Qwen-1.5B-awq-w3g128-tp1,MATH-500,True,2658,62,0.10158013544018059,0.111,True,1,0
129,DeepSeek-R1-Distill-Qwen-1.5B-awq-w3g128-tp1,MATH-500,False,13900,151,0.030719424460431653,0.0215,False,3,1
130,DeepSeek-R1-Distill-Qwen-1.5B-awq-w3g128-tp1,MATH-500,True,976,9,0.2766393442622951,0.2766393442622951,True,1,0
131,DeepSeek-R1-Distill-Qwen-1.5B-awq-w3g128-tp1,MATH-500,False,16422,2654,0.0247229326513214,0.003,False,9,0
132,DeepSeek-R1-Distill-Qwen-1.5B-awq-w3g128-tp1,MATH-500,False,18156,450,0.02511566424322538,0.0095,False,1,14
133,DeepSeek-R1-Distill-Qwen-1.5B-awq-w3g128-tp1,MATH-500,False,22810,2197,0.013590530469092503,0.0065,False,4,0
134,DeepSeek-R1-Distill-Qwen-1.5B-awq-w3g128-tp1,MATH-500,True,1133,14,0.2744924977934687,0.2744924977934687,True,2,0
135,DeepSeek-R1-Distill-Qwen-1.5B-awq-w3g128-tp1,MATH-500,True,20068,9384,0.01664341239784732,0.0005,False,2,0
136,DeepSeek-R1-Distill-Qwen-1.5B-awq-w3g128-tp1,MATH-500,False,23970,1562,0.01151439299123905,0.005,False,1,2
137,DeepSeek-R1-Distill-Qwen-1.5B-awq-w3g128-tp1,MATH-500,False,24249,936,0.01678419728648604,0.0115,False,3,0
138,DeepSeek-R1-Distill-Qwen-1.5B-awq-w3g128-tp1,MATH-500,False,15477,69,0.028493894165535955,0.0265,False,26,0
139,DeepSeek-R1-Distill-Qwen-1.5B-awq-w3g128-tp1,MATH-500,True,1886,44,0.24708377518557795,0.24708377518557795,True,2,0
140,DeepSeek-R1-Distill-Qwen-1.5B-awq-w3g128-tp1,MATH-500,False,18913,894,0.05234494791942051,0.0485,False,3,0
141,DeepSeek-R1-Distill-Qwen-1.5B-awq-w3g128-tp1,MATH-500,True,22156,1242,0.019678642354215563,0.0405,False,5,2
142,DeepSeek-R1-Distill-Qwen-1.5B-awq-w3g128-tp1,MATH-500,True,1373,10,0.2563729060451566,0.2563729060451566,True,3,0
143,DeepSeek-R1-Distill-Qwen-1.5B-awq-w3g128-tp1,MATH-500,True,4346,74,0.20961803957662217,0.2875,True,7,0
144,DeepSeek-R1-Distill-Qwen-1.5B-awq-w3g128-tp1,MATH-500,True,1988,93,0.14738430583501005,0.14738430583501005,True,1,0
145,DeepSeek-R1-Distill-Qwen-1.5B-awq-w3g128-tp1,MATH-500,True,563,2,0.3836589698046181,0.3836589698046181,True,1,0
146,DeepSeek-R1-Distill-Qwen-1.5B-awq-w3g128-tp1,MATH-500,True,2515,55,0.20357852882703778,0.2165,True,2,0
147,DeepSeek-R1-Distill-Qwen-1.5B-awq-w3g128-tp1,MATH-500,True,1292,7,0.26006191950464397,0.26006191950464397,True,2,0
148,DeepSeek-R1-Distill-Qwen-1.5B-awq-w3g128-tp1,MATH-500,True,23331,80,0.013672795851013672,0.0045,False,2,11
149,DeepSeek-R1-Distill-Qwen-1.5B-awq-w3g128-tp1,MATH-500,False,11037,273,0.06849687415058439,0.046,True,6,6
150,DeepSeek-R1-Distill-Qwen-1.5B-awq-w3g128-tp1,MATH-500,True,16541,5667,0.0180158394292969,0.0005,False,1,0
151,DeepSeek-R1-Distill-Qwen-1.5B-awq-w3g128-tp1,MATH-500,False,22460,210,0.029162956366874444,0.0215,False,17,1
152,DeepSeek-R1-Distill-Qwen-1.5B-awq-w3g128-tp1,MATH-500,False,9599,1187,0.0853213876445463,0.0975,True,8,0
153,DeepSeek-R1-Distill-Qwen-1.5B-awq-w3g128-tp1,MATH-500,True,603,2,0.3781094527363184,0.3781094527363184,True,1,0
154,DeepSeek-R1-Distill-Qwen-1.5B-awq-w3g128-tp1,MATH-500,True,17358,3709,0.019817951376886737,0.001,False,4607,1
155,DeepSeek-R1-Distill-Qwen-1.5B-awq-w3g128-tp1,MATH-500,False,17637,1671,0.028462890514259796,0.0225,False,250,4
156,DeepSeek-R1-Distill-Qwen-1.5B-awq-w3g128-tp1,MATH-500,False,22567,715,0.02853724464926663,0.0085,False,12,0
157,DeepSeek-R1-Distill-Qwen-1.5B-awq-w3g128-tp1,MATH-500,False,18245,246,0.028281721019457386,0.051,False,17,0
158,DeepSeek-R1-Distill-Qwen-1.5B-awq-w3g128-tp1,MATH-500,False,9818,237,0.0809737217355877,0.0075,False,3,1
159,DeepSeek-R1-Distill-Qwen-1.5B-awq-w3g128-tp1,MATH-500,False,16281,2246,0.01811928014249739,0.0095,False,2,0
160,DeepSeek-R1-Distill-Qwen-1.5B-awq-w3g128-tp1,MATH-500,False,3876,84,0.271155830753354,0.3185,False,3,0
161,DeepSeek-R1-Distill-Qwen-1.5B-awq-w3g128-tp1,MATH-500,True,21392,287,0.023466716529543755,0.0045,False,1,0
162,DeepSeek-R1-Distill-Qwen-1.5B-awq-w3g128-tp1,MATH-500,False,17236,495,0.039162218612207006,0.0445,False,2,10
163,DeepSeek-R1-Distill-Qwen-1.5B-awq-w3g128-tp1,MATH-500,False,20170,455,0.022756569162121962,0.045,False,3,0
164,DeepSeek-R1-Distill-Qwen-1.5B-awq-w3g128-tp1,MATH-500,True,1343,31,0.3708116157855547,0.3708116157855547,True,4,0
165,DeepSeek-R1-Distill-Qwen-1.5B-awq-w3g128-tp1,MATH-500,True,18870,230,0.02268150503444621,0.007,False,2,9
166,DeepSeek-R1-Distill-Qwen-1.5B-awq-w3g128-tp1,MATH-500,True,5302,253,0.12410411165597887,0.1535,True,1,0
167,DeepSeek-R1-Distill-Qwen-1.5B-awq-w3g128-tp1,MATH-500,True,1353,15,0.2586844050258684,0.2586844050258684,True,2,0
168,DeepSeek-R1-Distill-Qwen-1.5B-awq-w3g128-tp1,MATH-500,False,14211,382,0.02174371965378932,0.0005,False,1,3
169,DeepSeek-R1-Distill-Qwen-1.5B-awq-w3g128-tp1,MATH-500,True,2719,60,0.15704303052592866,0.1645,True,3,0
170,DeepSeek-R1-Distill-Qwen-1.5B-awq-w3g128-tp1,MATH-500,True,3728,145,0.15665236051502146,0.159,True,8,0
171,DeepSeek-R1-Distill-Qwen-1.5B-awq-w3g128-tp1,MATH-500,False,14060,223,0.053129445234708396,0.0065,False,2,3
172,DeepSeek-R1-Distill-Qwen-1.5B-awq-w3g128-tp1,MATH-500,True,2335,19,0.24796573875803,0.2685,True,2,0
173,DeepSeek-R1-Distill-Qwen-1.5B-awq-w3g128-tp1,MATH-500,False,17077,331,0.03343678632078234,0.026,False,1,2
174,DeepSeek-R1-Distill-Qwen-1.5B-awq-w3g128-tp1,MATH-500,True,1039,6,0.25601539942252166,0.25601539942252166,True,2,0
175,DeepSeek-R1-Distill-Qwen-1.5B-awq-w3g128-tp1,MATH-500,False,11802,135,0.05075410947297068,0.0035,False,1,0
176,DeepSeek-R1-Distill-Qwen-1.5B-awq-w3g128-tp1,MATH-500,False,15753,212,0.04322986097886117,0.009,False,5,0
177,DeepSeek-R1-Distill-Qwen-1.5B-awq-w3g128-tp1,MATH-500,False,15588,2136,0.034385424685655634,0.0045,False,2,1
178,DeepSeek-R1-Distill-Qwen-1.5B-awq-w3g128-tp1,MATH-500,False,15750,2459,0.03968253968253968,0.003,False,1218,4
179,DeepSeek-R1-Distill-Qwen-1.5B-awq-w3g128-tp1,MATH-500,False,17898,713,0.04369203262934406,0.0095,False,5,8
180,DeepSeek-R1-Distill-Qwen-1.5B-awq-w3g128-tp1,MATH-500,True,1794,20,0.15328874024526198,0.15328874024526198,True,1,0
181,DeepSeek-R1-Distill-Qwen-1.5B-awq-w3g128-tp1,MATH-500,True,901,4,0.36958934517203107,0.36958934517203107,True,5,0
182,DeepSeek-R1-Distill-Qwen-1.5B-awq-w3g128-tp1,MATH-500,True,754,1,0.30238726790450926,0.30238726790450926,True,0,0
183,DeepSeek-R1-Distill-Qwen-1.5B-awq-w3g128-tp1,MATH-500,True,13560,4903,0.024778761061946902,0.0005,False,2264,0
184,DeepSeek-R1-Distill-Qwen-1.5B-awq-w3g128-tp1,MATH-500,True,2795,70,0.17245080500894455,0.1815,True,2,0
185,DeepSeek-R1-Distill-Qwen-1.5B-awq-w3g128-tp1,MATH-500,True,3588,106,0.10785953177257525,0.1235,True,1,0
186,DeepSeek-R1-Distill-Qwen-1.5B-awq-w3g128-tp1,MATH-500,True,1596,9,0.23308270676691728,0.23308270676691728,True,3,2
187,DeepSeek-R1-Distill-Qwen-1.5B-awq-w3g128-tp1,MATH-500,True,18897,406,0.01915647986452876,0.011,False,1,10
188,DeepSeek-R1-Distill-Qwen-1.5B-awq-w3g128-tp1,MATH-500,False,13177,4827,0.02830689838354709,0.0385,False,5,1
189,DeepSeek-R1-Distill-Qwen-1.5B-awq-w3g128-tp1,MATH-500,True,1434,20,0.3117154811715481,0.3117154811715481,True,5,0
190,DeepSeek-R1-Distill-Qwen-1.5B-awq-w3g128-tp1,MATH-500,True,3140,25,0.13885350318471337,0.1725,True,2,0
191,DeepSeek-R1-Distill-Qwen-1.5B-awq-w3g128-tp1,MATH-500,False,13425,330,0.062271880819366854,0.106,True,4,0
192,DeepSeek-R1-Distill-Qwen-1.5B-awq-w3g128-tp1,MATH-500,True,673,4,0.362555720653789,0.362555720653789,True,1,0
193,DeepSeek-R1-Distill-Qwen-1.5B-awq-w3g128-tp1,MATH-500,False,11679,72,0.028170220053086736,0.026,False,1,28
194,DeepSeek-R1-Distill-Qwen-1.5B-awq-w3g128-tp1,MATH-500,False,19892,356,0.028956364367584957,0.0335,False,1,13
195,DeepSeek-R1-Distill-Qwen-1.5B-awq-w3g128-tp1,MATH-500,False,14968,158,0.06794494922501336,0.0025,False,4,1
196,DeepSeek-R1-Distill-Qwen-1.5B-awq-w3g128-tp1,MATH-500,True,1273,7,0.27808326787117044,0.27808326787117044,True,2,0
197,DeepSeek-R1-Distill-Qwen-1.5B-awq-w3g128-tp1,MATH-500,False,14244,7740,0.08459702330805953,0.002,False,4,0
198,DeepSeek-R1-Distill-Qwen-1.5B-awq-w3g128-tp1,MATH-500,True,3050,85,0.1940983606557377,0.242,True,2,0
199,DeepSeek-R1-Distill-Qwen-1.5B-awq-w3g128-tp1,MATH-500,False,17691,638,0.022949522356000226,0.0355,False,5,1
200,DeepSeek-R1-Distill-Qwen-1.5B-awq-w3g128-tp1,MATH-500,True,2341,54,0.19137120888509185,0.204,True,1,0
201,DeepSeek-R1-Distill-Qwen-1.5B-awq-w3g128-tp1,MATH-500,True,15214,9437,0.03444196135138688,0.0345,False,1989,37
202,DeepSeek-R1-Distill-Qwen-1.5B-awq-w3g128-tp1,MATH-500,True,263,0,0.4828897338403042,0.4828897338403042,True,1,0
203,DeepSeek-R1-Distill-Qwen-1.5B-awq-w3g128-tp1,MATH-500,False,23475,12,0.0062619808306709265,0.028,False,3,9
204,DeepSeek-R1-Distill-Qwen-1.5B-awq-w3g128-tp1,MATH-500,False,20481,1811,0.023729310092280652,0.026,False,5,0
205,DeepSeek-R1-Distill-Qwen-1.5B-awq-w3g128-tp1,MATH-500,False,16435,151,0.054396105871615454,0.096,False,2,5
206,DeepSeek-R1-Distill-Qwen-1.5B-awq-w3g128-tp1,MATH-500,False,12787,762,0.03589583170407445,0.0375,False,2,0
207,DeepSeek-R1-Distill-Qwen-1.5B-awq-w3g128-tp1,MATH-500,True,17343,2244,0.05379692094793288,0.001,False,3002,0
208,DeepSeek-R1-Distill-Qwen-1.5B-awq-w3g128-tp1,MATH-500,True,722,3,0.42382271468144045,0.42382271468144045,True,1,0
209,DeepSeek-R1-Distill-Qwen-1.5B-awq-w3g128-tp1,MATH-500,False,19461,1836,0.03961769693232619,0.0035,False,101,8
210,DeepSeek-R1-Distill-Qwen-1.5B-awq-w3g128-tp1,MATH-500,True,18003,171,0.024384824751430317,0.06,False,4,0
211,DeepSeek-R1-Distill-Qwen-1.5B-awq-w3g128-tp1,MATH-500,False,12981,6387,0.023264771589245822,0.006,False,2,0
212,DeepSeek-R1-Distill-Qwen-1.5B-awq-w3g128-tp1,MATH-500,True,20944,505,0.02750190985485103,0.028,False,2,5
213,DeepSeek-R1-Distill-Qwen-1.5B-awq-w3g128-tp1,MATH-500,True,906,6,0.32671081677704195,0.32671081677704195,True,2,0
214,DeepSeek-R1-Distill-Qwen-1.5B-awq-w3g128-tp1,MATH-500,True,15531,6326,0.04262442856223038,0.002,False,373,0
215,DeepSeek-R1-Distill-Qwen-1.5B-awq-w3g128-tp1,MATH-500,False,16637,1090,0.016469315381378854,0.003,False,1,0
216,DeepSeek-R1-Distill-Qwen-1.5B-awq-w3g128-tp1,MATH-500,True,21314,625,0.029417284414000187,0.0215,False,3,2
217,DeepSeek-R1-Distill-Qwen-1.5B-awq-w3g128-tp1,MATH-500,True,11515,165,0.04455058619192358,0.004,True,1,2
218,DeepSeek-R1-Distill-Qwen-1.5B-awq-w3g128-tp1,MATH-500,True,1741,12,0.1958644457208501,0.1958644457208501,True,1,0
219,DeepSeek-R1-Distill-Qwen-1.5B-awq-w3g128-tp1,MATH-500,True,1546,18,0.23868046571798188,0.23868046571798188,True,2,0
220,DeepSeek-R1-Distill-Qwen-1.5B-awq-w3g128-tp1,MATH-500,True,14489,1241,0.018910897922561943,0.0055,False,2,0
221,DeepSeek-R1-Distill-Qwen-1.5B-awq-w3g128-tp1,MATH-500,True,703,4,0.3655761024182077,0.3655761024182077,True,1,0
222,DeepSeek-R1-Distill-Qwen-1.5B-awq-w3g128-tp1,MATH-500,True,1179,5,0.23155216284987276,0.23155216284987276,True,0,0
223,DeepSeek-R1-Distill-Qwen-1.5B-awq-w3g128-tp1,MATH-500,False,1011,25,0.32443125618199803,0.32443125618199803,False,4,1
224,DeepSeek-R1-Distill-Qwen-1.5B-awq-w3g128-tp1,MATH-500,False,16278,220,0.05356923454969898,0.0005,False,2,0
225,DeepSeek-R1-Distill-Qwen-1.5B-awq-w3g128-tp1,MATH-500,False,6926,119,0.09197227837135431,0.0035,False,8,13
226,DeepSeek-R1-Distill-Qwen-1.5B-awq-w3g128-tp1,MATH-500,False,17673,266,0.0364963503649635,0.006,True,30,0
227,DeepSeek-R1-Distill-Qwen-1.5B-awq-w3g128-tp1,MATH-500,True,4251,89,0.10962126558456833,0.1405,True,1,0
228,DeepSeek-R1-Distill-Qwen-1.5B-awq-w3g128-tp1,MATH-500,True,1612,21,0.2679900744416873,0.2679900744416873,True,1,0
229,DeepSeek-R1-Distill-Qwen-1.5B-awq-w3g128-tp1,MATH-500,False,15248,1336,0.04046432318992655,0.014,False,2,6
230,DeepSeek-R1-Distill-Qwen-1.5B-awq-w3g128-tp1,MATH-500,False,17664,617,0.046365489130434784,0.015,True,2,9
231,DeepSeek-R1-Distill-Qwen-1.5B-awq-w3g128-tp1,MATH-500,False,22838,951,0.01957264208774849,0.01,False,1,0
232,DeepSeek-R1-Distill-Qwen-1.5B-awq-w3g128-tp1,MATH-500,False,19247,484,0.02623785525016886,0.031,False,1,9
233,DeepSeek-R1-Distill-Qwen-1.5B-awq-w3g128-tp1,MATH-500,True,1949,45,0.24884556182657774,0.24884556182657774,True,3,0
234,DeepSeek-R1-Distill-Qwen-1.5B-awq-w3g128-tp1,MATH-500,False,10277,387,0.04115987155784762,0.0015,False,0,0
235,DeepSeek-R1-Distill-Qwen-1.5B-awq-w3g128-tp1,MATH-500,True,7420,386,0.09986522911051213,0.146,True,3,0
236,DeepSeek-R1-Distill-Qwen-1.5B-awq-w3g128-tp1,MATH-500,True,1808,41,0.14988938053097345,0.14988938053097345,True,2,0
237,DeepSeek-R1-Distill-Qwen-1.5B-awq-w3g128-tp1,MATH-500,True,17190,3590,0.026934264107038978,0.004,False,5,0
238,DeepSeek-R1-Distill-Qwen-1.5B-awq-w3g128-tp1,MATH-500,False,25291,1107,0.0156182041042268,0.0055,False,12,0
239,DeepSeek-R1-Distill-Qwen-1.5B-awq-w3g128-tp1,MATH-500,False,15173,608,0.04079615105780004,0.015,False,1,0
240,DeepSeek-R1-Distill-Qwen-1.5B-awq-w3g128-tp1,MATH-500,True,3952,135,0.1533400809716599,0.208,True,1,0
241,DeepSeek-R1-Distill-Qwen-1.5B-awq-w3g128-tp1,MATH-500,True,2698,20,0.15344699777613047,0.161,True,1,0
242,DeepSeek-R1-Distill-Qwen-1.5B-awq-w3g128-tp1,MATH-500,False,22840,1489,0.033975481611208405,0.0725,False,1,0
243,DeepSeek-R1-Distill-Qwen-1.5B-awq-w3g128-tp1,MATH-500,False,19880,1064,0.0272635814889336,0.0085,False,1,0
244,DeepSeek-R1-Distill-Qwen-1.5B-awq-w3g128-tp1,MATH-500,True,1888,20,0.20391949152542374,0.20391949152542374,True,0,0
245,DeepSeek-R1-Distill-Qwen-1.5B-awq-w3g128-tp1,MATH-500,True,13372,5423,0.023033203709243194,0.007,False,950,3
246,DeepSeek-R1-Distill-Qwen-1.5B-awq-w3g128-tp1,MATH-500,True,2244,10,0.25044563279857396,0.2665,True,1,0
247,DeepSeek-R1-Distill-Qwen-1.5B-awq-w3g128-tp1,MATH-500,True,10080,359,0.04186507936507936,0.0425,False,1,11
248,DeepSeek-R1-Distill-Qwen-1.5B-awq-w3g128-tp1,MATH-500,False,18184,1091,0.0442696876374835,0.0375,True,11,1
249,DeepSeek-R1-Distill-Qwen-1.5B-awq-w3g128-tp1,MATH-500,True,2880,120,0.16180555555555556,0.1535,True,4,0
250,DeepSeek-R1-Distill-Qwen-1.5B-awq-w3g128-tp1,MATH-500,False,945,9,0.2867724867724868,0.2867724867724868,True,3,0
251,DeepSeek-R1-Distill-Qwen-1.5B-awq-w3g128-tp1,MATH-500,False,13713,936,0.0870706628746445,0.0595,False,9,3
252,DeepSeek-R1-Distill-Qwen-1.5B-awq-w3g128-tp1,MATH-500,False,18004,200,0.04860031104199067,0.0045,False,6,0
253,DeepSeek-R1-Distill-Qwen-1.5B-awq-w3g128-tp1,MATH-500,False,16370,0,0.006658521686010996,0.003,False,0,0
254,DeepSeek-R1-Distill-Qwen-1.5B-awq-w3g128-tp1,MATH-500,False,17680,214,0.02341628959276018,0.0015,False,4,0
255,DeepSeek-R1-Distill-Qwen-1.5B-awq-w3g128-tp1,MATH-500,False,2954,110,0.23493568043331076,0.264,False,8,0
256,DeepSeek-R1-Distill-Qwen-1.5B-awq-w3g128-tp1,MATH-500,False,18199,4161,0.023407879553821637,0.0075,False,230,0
257,DeepSeek-R1-Distill-Qwen-1.5B-awq-w3g128-tp1,MATH-500,True,757,1,0.3394980184940555,0.3394980184940555,True,2,0
258,DeepSeek-R1-Distill-Qwen-1.5B-awq-w3g128-tp1,MATH-500,True,1249,5,0.3034427542033627,0.3034427542033627,True,1,0
259,DeepSeek-R1-Distill-Qwen-1.5B-awq-w3g128-tp1,MATH-500,False,5703,2,0.2144485358583202,0.0285,False,2,0
260,DeepSeek-R1-Distill-Qwen-1.5B-awq-w3g128-tp1,MATH-500,True,24250,1125,0.02358762886597938,0.0085,False,1,0
261,DeepSeek-R1-Distill-Qwen-1.5B-awq-w3g128-tp1,MATH-500,False,18255,1845,0.024760339632977267,0.03,False,2,3
262,DeepSeek-R1-Distill-Qwen-1.5B-awq-w3g128-tp1,MATH-500,True,15595,3363,0.030650849631292082,0.003,False,9,2
263,DeepSeek-R1-Distill-Qwen-1.5B-awq-w3g128-tp1,MATH-500,True,15521,5951,0.021841376199987113,0.002,False,620,2
264,DeepSeek-R1-Distill-Qwen-1.5B-awq-w3g128-tp1,MATH-500,False,18175,2634,0.019587345254470426,0.0015,False,721,0
265,DeepSeek-R1-Distill-Qwen-1.5B-awq-w3g128-tp1,MATH-500,False,19698,402,0.02959691339222256,0.0165,False,6,0
266,DeepSeek-R1-Distill-Qwen-1.5B-awq-w3g128-tp1,MATH-500,False,3484,255,0.11337543053960965,0.1225,True,2,0
267,DeepSeek-R1-Distill-Qwen-1.5B-awq-w3g128-tp1,MATH-500,False,17604,4036,0.03016359918200409,0.001,False,21,0
268,DeepSeek-R1-Distill-Qwen-1.5B-awq-w3g128-tp1,MATH-500,False,18391,162,0.02484911097819586,0.016,False,3,0
269,DeepSeek-R1-Distill-Qwen-1.5B-awq-w3g128-tp1,MATH-500,False,16492,4242,0.021222410865874362,0.0095,False,1,0
270,DeepSeek-R1-Distill-Qwen-1.5B-awq-w3g128-tp1,MATH-500,False,16802,51,0.02898464468515653,0.0155,False,5,1
271,DeepSeek-R1-Distill-Qwen-1.5B-awq-w3g128-tp1,MATH-500,False,11764,1454,0.027796667800068005,0.0025,False,2767,33
272,DeepSeek-R1-Distill-Qwen-1.5B-awq-w3g128-tp1,MATH-500,False,6176,583,0.04582253886010363,0.003,False,4,3
273,DeepSeek-R1-Distill-Qwen-1.5B-awq-w3g128-tp1,MATH-500,True,1471,10,0.27056424201223656,0.27056424201223656,True,3,0
274,DeepSeek-R1-Distill-Qwen-1.5B-awq-w3g128-tp1,MATH-500,True,5854,166,0.13187564058763238,0.1895,True,1,0
275,DeepSeek-R1-Distill-Qwen-1.5B-awq-w3g128-tp1,MATH-500,True,1148,2,0.22822299651567945,0.22822299651567945,True,1,0
276,DeepSeek-R1-Distill-Qwen-1.5B-awq-w3g128-tp1,MATH-500,False,17861,5381,0.04294272437153575,0.0025,False,10,4
277,DeepSeek-R1-Distill-Qwen-1.5B-awq-w3g128-tp1,MATH-500,False,15245,1213,0.0441456215152509,0.013,False,17,13
278,DeepSeek-R1-Distill-Qwen-1.5B-awq-w3g128-tp1,MATH-500,True,673,2,0.3610698365527489,0.3610698365527489,True,1,0
279,DeepSeek-R1-Distill-Qwen-1.5B-awq-w3g128-tp1,MATH-500,True,2299,17,0.19399739016963896,0.2025,True,2,0
280,DeepSeek-R1-Distill-Qwen-1.5B-awq-w3g128-tp1,MATH-500,True,1284,7,0.24922118380062305,0.24922118380062305,True,1,0
281,DeepSeek-R1-Distill-Qwen-1.5B-awq-w3g128-tp1,MATH-500,True,1140,4,0.28157894736842104,0.28157894736842104,True,1,0
282,DeepSeek-R1-Distill-Qwen-1.5B-awq-w3g128-tp1,MATH-500,False,16591,4956,0.024893014284853233,0.002,False,2,0
283,DeepSeek-R1-Distill-Qwen-1.5B-awq-w3g128-tp1,MATH-500,False,21229,1031,0.03443402892270008,0.067,False,5,0
284,DeepSeek-R1-Distill-Qwen-1.5B-awq-w3g128-tp1,MATH-500,True,1514,8,0.18295904887714662,0.18295904887714662,True,1,0
285,DeepSeek-R1-Distill-Qwen-1.5B-awq-w3g128-tp1,MATH-500,True,17802,581,0.029378721491967196,0.0045,False,4,0
286,DeepSeek-R1-Distill-Qwen-1.5B-awq-w3g128-tp1,MATH-500,False,23452,536,0.02144806413099096,0.0525,False,3,0
287,DeepSeek-R1-Distill-Qwen-1.5B-awq-w3g128-tp1,MATH-500,False,17204,1106,0.03964194373401535,0.061,True,3,0
288,DeepSeek-R1-Distill-Qwen-1.5B-awq-w3g128-tp1,MATH-500,False,15422,84,0.020036311762417325,0.0065,False,0,0
289,DeepSeek-R1-Distill-Qwen-1.5B-awq-w3g128-tp1,MATH-500,True,813,3,0.27060270602706027,0.27060270602706027,True,2,0
290,DeepSeek-R1-Distill-Qwen-1.5B-awq-w3g128-tp1,MATH-500,True,447,1,0.42953020134228187,0.42953020134228187,True,1,0
291,DeepSeek-R1-Distill-Qwen-1.5B-awq-w3g128-tp1,MATH-500,False,17140,562,0.03413068844807468,0.029,False,4,2
292,DeepSeek-R1-Distill-Qwen-1.5B-awq-w3g128-tp1,MATH-500,False,11046,184,0.061922868006518195,0.0035,False,3,2
293,DeepSeek-R1-Distill-Qwen-1.5B-awq-w3g128-tp1,MATH-500,True,14991,42,0.02774998332332733,0.0525,False,1,11
294,DeepSeek-R1-Distill-Qwen-1.5B-awq-w3g128-tp1,MATH-500,True,2112,28,0.25047348484848486,0.2485,True,4,0
295,DeepSeek-R1-Distill-Qwen-1.5B-awq-w3g128-tp1,MATH-500,False,17290,130,0.035222672064777326,0.001,False,17,12
296,DeepSeek-R1-Distill-Qwen-1.5B-awq-w3g128-tp1,MATH-500,True,16503,1408,0.026601224019875174,0.014,False,2,0
297,DeepSeek-R1-Distill-Qwen-1.5B-awq-w3g128-tp1,MATH-500,True,2457,85,0.1684981684981685,0.1635,True,2,0
298,DeepSeek-R1-Distill-Qwen-1.5B-awq-w3g128-tp1,MATH-500,False,17188,3921,0.047765883174307654,0.008,False,1869,0
299,DeepSeek-R1-Distill-Qwen-1.5B-awq-w3g128-tp1,MATH-500,True,2261,33,0.14374170720919946,0.1435,True,1,0
300,DeepSeek-R1-Distill-Qwen-1.5B-awq-w3g128-tp1,MATH-500,False,23468,74,0.018748934719618204,0.003,False,3,2
301,DeepSeek-R1-Distill-Qwen-1.5B-awq-w3g128-tp1,MATH-500,True,1535,8,0.2006514657980456,0.2006514657980456,True,2,0
302,DeepSeek-R1-Distill-Qwen-1.5B-awq-w3g128-tp1,MATH-500,False,17439,3220,0.026492344744538106,0.0005,False,12,4
303,DeepSeek-R1-Distill-Qwen-1.5B-awq-w3g128-tp1,MATH-500,True,1411,11,0.29978738483345146,0.29978738483345146,True,4,0
304,DeepSeek-R1-Distill-Qwen-1.5B-awq-w3g128-tp1,MATH-500,False,20446,2599,0.02186246698620757,0.0045,False,2,1
305,DeepSeek-R1-Distill-Qwen-1.5B-awq-w3g128-tp1,MATH-500,True,2469,23,0.17132442284325639,0.1905,True,1,0
306,DeepSeek-R1-Distill-Qwen-1.5B-awq-w3g128-tp1,MATH-500,True,2440,41,0.14057377049180328,0.152,True,1,0
307,DeepSeek-R1-Distill-Qwen-1.5B-awq-w3g128-tp1,MATH-500,False,16444,2981,0.044514716613962536,0.001,True,3281,2
308,DeepSeek-R1-Distill-Qwen-1.5B-awq-w3g128-tp1,MATH-500,False,16535,1283,0.02636830964620502,0.004,False,1,0
309,DeepSeek-R1-Distill-Qwen-1.5B-awq-w3g128-tp1,MATH-500,False,15799,2959,0.03006519399962023,0.047,False,6,3
310,DeepSeek-R1-Distill-Qwen-1.5B-awq-w3g128-tp1,MATH-500,True,18397,701,0.028156764689895093,0.0275,False,1,3
311,DeepSeek-R1-Distill-Qwen-1.5B-awq-w3g128-tp1,MATH-500,False,21212,1784,0.02159155195172544,0.008,False,1,0
312,DeepSeek-R1-Distill-Qwen-1.5B-awq-w3g128-tp1,MATH-500,False,30021,531,0.009226874521168516,0.0025,False,2,0
313,DeepSeek-R1-Distill-Qwen-1.5B-awq-w3g128-tp1,MATH-500,True,1212,15,0.3556105610561056,0.3556105610561056,True,4,0
314,DeepSeek-R1-Distill-Qwen-1.5B-awq-w3g128-tp1,MATH-500,False,17003,650,0.06340057636887608,0.1025,False,6,0
315,DeepSeek-R1-Distill-Qwen-1.5B-awq-w3g128-tp1,MATH-500,True,202,0,0.4900990099009901,0.4900990099009901,True,0,0
316,DeepSeek-R1-Distill-Qwen-1.5B-awq-w3g128-tp1,MATH-500,True,562,1,0.36476868327402134,0.36476868327402134,True,2,0
317,DeepSeek-R1-Distill-Qwen-1.5B-awq-w3g128-tp1,MATH-500,False,24655,772,0.023281281687284525,0.0395,False,5,3
318,DeepSeek-R1-Distill-Qwen-1.5B-awq-w3g128-tp1,MATH-500,True,167,0,0.46706586826347307,0.46706586826347307,True,0,0
319,DeepSeek-R1-Distill-Qwen-1.5B-awq-w3g128-tp1,MATH-500,True,1148,4,0.2952961672473868,0.2952961672473868,True,1,0
320,DeepSeek-R1-Distill-Qwen-1.5B-awq-w3g128-tp1,MATH-500,True,20097,8067,0.01681843061153406,0.0015,False,950,0
321,DeepSeek-R1-Distill-Qwen-1.5B-awq-w3g128-tp1,MATH-500,True,2345,64,0.19360341151385926,0.195,True,4,0
322,DeepSeek-R1-Distill-Qwen-1.5B-awq-w3g128-tp1,MATH-500,True,160,0,0.60625,0.60625,True,0,0
323,DeepSeek-R1-Distill-Qwen-1.5B-awq-w3g128-tp1,MATH-500,False,17266,682,0.027279045522993164,0.011,False,5,1
324,DeepSeek-R1-Distill-Qwen-1.5B-awq-w3g128-tp1,MATH-500,True,15004,3204,0.050453212476672886,0.019,False,3,3
325,DeepSeek-R1-Distill-Qwen-1.5B-awq-w3g128-tp1,MATH-500,False,16374,148,0.03420056186637352,0.043,False,1,6
326,DeepSeek-R1-Distill-Qwen-1.5B-awq-w3g128-tp1,MATH-500,False,21711,1679,0.03320897241029893,0.005,False,4,0
327,DeepSeek-R1-Distill-Qwen-1.5B-awq-w3g128-tp1,MATH-500,False,18006,118,0.02588026213484394,0.0145,False,3,4
328,DeepSeek-R1-Distill-Qwen-1.5B-awq-w3g128-tp1,MATH-500,True,1867,19,0.2378146759507231,0.2378146759507231,True,5,0
329,DeepSeek-R1-Distill-Qwen-1.5B-awq-w3g128-tp1,MATH-500,True,2928,33,0.1680327868852459,0.1845,True,2,0
330,DeepSeek-R1-Distill-Qwen-1.5B-awq-w3g128-tp1,MATH-500,False,11973,504,0.04560260586319218,0.0805,False,14,0
331,DeepSeek-R1-Distill-Qwen-1.5B-awq-w3g128-tp1,MATH-500,True,17963,212,0.039303011746367536,0.011,False,2,0
332,DeepSeek-R1-Distill-Qwen-1.5B-awq-w3g128-tp1,MATH-500,True,2642,88,0.244890234670704,0.2535,True,7,0
333,DeepSeek-R1-Distill-Qwen-1.5B-awq-w3g128-tp1,MATH-500,True,12866,4930,0.024405409606715375,0.0025,False,9,0
334,DeepSeek-R1-Distill-Qwen-1.5B-awq-w3g128-tp1,MATH-500,True,23286,1886,0.011337284205101777,0.028,False,1,0
335,DeepSeek-R1-Distill-Qwen-1.5B-awq-w3g128-tp1,MATH-500,True,1008,12,0.3462301587301587,0.3462301587301587,True,2,0
336,DeepSeek-R1-Distill-Qwen-1.5B-awq-w3g128-tp1,MATH-500,True,21167,2256,0.015259602210988803,0.003,False,1,4
337,DeepSeek-R1-Distill-Qwen-1.5B-awq-w3g128-tp1,MATH-500,True,957,12,0.2779519331243469,0.2779519331243469,True,1,0
338,DeepSeek-R1-Distill-Qwen-1.5B-awq-w3g128-tp1,MATH-500,False,22785,339,0.03396971691902567,0.0075,False,14,20
339,DeepSeek-R1-Distill-Qwen-1.5B-awq-w3g128-tp1,MATH-500,True,1358,11,0.2503681885125184,0.2503681885125184,True,1,0
340,DeepSeek-R1-Distill-Qwen-1.5B-awq-w3g128-tp1,MATH-500,True,783,6,0.2988505747126437,0.2988505747126437,True,2,0
341,DeepSeek-R1-Distill-Qwen-1.5B-awq-w3g128-tp1,MATH-500,True,15548,1521,0.05364033959351685,0.009,False,3,0
342,DeepSeek-R1-Distill-Qwen-1.5B-awq-w3g128-tp1,MATH-500,False,26862,1030,0.023118159481795846,0.057,False,1,0
343,DeepSeek-R1-Distill-Qwen-1.5B-awq-w3g128-tp1,MATH-500,True,1866,31,0.2534833869239014,0.2534833869239014,True,3,0
344,DeepSeek-R1-Distill-Qwen-1.5B-awq-w3g128-tp1,MATH-500,True,17987,3039,0.023961750152888196,0.0005,False,2,0
345,DeepSeek-R1-Distill-Qwen-1.5B-awq-w3g128-tp1,MATH-500,False,24578,1075,0.01761738139799821,0.0125,False,7,0
346,DeepSeek-R1-Distill-Qwen-1.5B-awq-w3g128-tp1,MATH-500,True,17833,521,0.032636124039701675,0.016,True,6,3
347,DeepSeek-R1-Distill-Qwen-1.5B-awq-w3g128-tp1,MATH-500,False,16238,7646,0.050806749599704396,0.001,False,25,0
348,DeepSeek-R1-Distill-Qwen-1.5B-awq-w3g128-tp1,MATH-500,True,828,6,0.33816425120772947,0.33816425120772947,True,2,0
349,DeepSeek-R1-Distill-Qwen-1.5B-awq-w3g128-tp1,MATH-500,False,5852,200,0.09159261790840738,0.1335,True,0,0
350,DeepSeek-R1-Distill-Qwen-1.5B-awq-w3g128-tp1,MATH-500,False,15145,232,0.04357873885770881,0.0585,False,7,9
351,DeepSeek-R1-Distill-Qwen-1.5B-awq-w3g128-tp1,MATH-500,True,13589,7227,0.03745676650231805,0.0005,False,11,0
352,DeepSeek-R1-Distill-Qwen-1.5B-awq-w3g128-tp1,MATH-500,True,1334,31,0.2811094452773613,0.2811094452773613,True,2,0
353,DeepSeek-R1-Distill-Qwen-1.5B-awq-w3g128-tp1,MATH-500,True,1137,11,0.28144239226033424,0.28144239226033424,True,1,0
354,DeepSeek-R1-Distill-Qwen-1.5B-awq-w3g128-tp1,MATH-500,True,4632,328,0.125,0.14,True,2,0
355,DeepSeek-R1-Distill-Qwen-1.5B-awq-w3g128-tp1,MATH-500,True,1665,35,0.22642642642642644,0.22642642642642644,True,5,0
356,DeepSeek-R1-Distill-Qwen-1.5B-awq-w3g128-tp1,MATH-500,False,22719,557,0.03622518596769224,0.0885,False,9,11
357,DeepSeek-R1-Distill-Qwen-1.5B-awq-w3g128-tp1,MATH-500,False,22131,955,0.036464687542361394,0.0275,False,20,1
358,DeepSeek-R1-Distill-Qwen-1.5B-awq-w3g128-tp1,MATH-500,True,10226,493,0.05603363974183454,0.0465,False,2,2
359,DeepSeek-R1-Distill-Qwen-1.5B-awq-w3g128-tp1,MATH-500,True,3131,87,0.14691791759821143,0.185,True,1,0
360,DeepSeek-R1-Distill-Qwen-1.5B-awq-w3g128-tp1,MATH-500,True,1833,41,0.2564102564102564,0.2564102564102564,True,3,0
361,DeepSeek-R1-Distill-Qwen-1.5B-awq-w3g128-tp1,MATH-500,True,377,1,0.35809018567639256,0.35809018567639256,True,1,0
362,DeepSeek-R1-Distill-Qwen-1.5B-awq-w3g128-tp1,MATH-500,True,17090,1034,0.03294324166179052,0.006,True,2171,0
363,DeepSeek-R1-Distill-Qwen-1.5B-awq-w3g128-tp1,MATH-500,False,14528,1862,0.05967786343612335,0.0005,False,9,0
364,DeepSeek-R1-Distill-Qwen-1.5B-awq-w3g128-tp1,MATH-500,True,22071,238,0.020479362058810204,0.004,False,1,0
365,DeepSeek-R1-Distill-Qwen-1.5B-awq-w3g128-tp1,MATH-500,True,24831,1965,0.016833796464097297,0.0135,False,1,0
366,DeepSeek-R1-Distill-Qwen-1.5B-awq-w3g128-tp1,MATH-500,True,630,4,0.4142857142857143,0.4142857142857143,True,3,0
367,DeepSeek-R1-Distill-Qwen-1.5B-awq-w3g128-tp1,MATH-500,False,14834,1106,0.04226776324659566,0.024,False,6,15
368,DeepSeek-R1-Distill-Qwen-1.5B-awq-w3g128-tp1,MATH-500,False,13805,1458,0.012604128938790293,0.001,False,1,1
369,DeepSeek-R1-Distill-Qwen-1.5B-awq-w3g128-tp1,MATH-500,False,19076,756,0.03365485426714196,0.029,False,1,6
370,DeepSeek-R1-Distill-Qwen-1.5B-awq-w3g128-tp1,MATH-500,True,2307,30,0.15734720416124837,0.163,True,6,0
371,DeepSeek-R1-Distill-Qwen-1.5B-awq-w3g128-tp1,MATH-500,True,16170,1527,0.026468769325912182,0.009,False,2,0
372,DeepSeek-R1-Distill-Qwen-1.5B-awq-w3g128-tp1,MATH-500,False,20783,167,0.024202473175191263,0.008,False,0,0
373,DeepSeek-R1-Distill-Qwen-1.5B-awq-w3g128-tp1,MATH-500,False,17048,1139,0.03390427029563585,0.0225,False,1,0
374,DeepSeek-R1-Distill-Qwen-1.5B-awq-w3g128-tp1,MATH-500,False,18833,2348,0.024478309350607977,0.0505,False,0,0
375,DeepSeek-R1-Distill-Qwen-1.5B-awq-w3g128-tp1,MATH-500,True,2204,29,0.26270417422867515,0.2755,True,6,0
376,DeepSeek-R1-Distill-Qwen-1.5B-awq-w3g128-tp1,MATH-500,False,15181,7388,0.07463276464001053,0.023,False,555,0
377,DeepSeek-R1-Distill-Qwen-1.5B-awq-w3g128-tp1,MATH-500,False,13111,471,0.041796964381054076,0.0025,False,4,2
378,DeepSeek-R1-Distill-Qwen-1.5B-awq-w3g128-tp1,MATH-500,True,1465,19,0.23959044368600682,0.23959044368600682,True,3,0
379,DeepSeek-R1-Distill-Qwen-1.5B-awq-w3g128-tp1,MATH-500,False,17262,273,0.040551500405515,0.077,False,33,0
380,DeepSeek-R1-Distill-Qwen-1.5B-awq-w3g128-tp1,MATH-500,True,711,3,0.4430379746835443,0.4430379746835443,True,1,0
381,DeepSeek-R1-Distill-Qwen-1.5B-awq-w3g128-tp1,MATH-500,False,9492,202,0.0617361989043405,0.04,False,0,6
382,DeepSeek-R1-Distill-Qwen-1.5B-awq-w3g128-tp1,MATH-500,True,26978,860,0.013381273630365483,0.0065,False,1,0
383,DeepSeek-R1-Distill-Qwen-1.5B-awq-w3g128-tp1,MATH-500,False,14352,3415,0.030100334448160536,0.001,False,3399,5
384,DeepSeek-R1-Distill-Qwen-1.5B-awq-w3g128-tp1,MATH-500,False,17843,346,0.02807823796446786,0.012,True,7,2
385,DeepSeek-R1-Distill-Qwen-1.5B-awq-w3g128-tp1,MATH-500,True,1040,6,0.33076923076923076,0.33076923076923076,True,3,0
386,DeepSeek-R1-Distill-Qwen-1.5B-awq-w3g128-tp1,MATH-500,False,16289,2969,0.030511388053287496,0.0265,False,1,0
387,DeepSeek-R1-Distill-Qwen-1.5B-awq-w3g128-tp1,MATH-500,False,15516,8440,0.08906934777004383,0.0055,False,35,0
388,DeepSeek-R1-Distill-Qwen-1.5B-awq-w3g128-tp1,MATH-500,False,18415,503,0.039804507195221286,0.0345,False,1,0
389,DeepSeek-R1-Distill-Qwen-1.5B-awq-w3g128-tp1,MATH-500,False,19032,6095,0.041771752837326606,0.003,False,193,0
390,DeepSeek-R1-Distill-Qwen-1.5B-awq-w3g128-tp1,MATH-500,False,25634,2952,0.012795505968635407,0.004,False,1,0
391,DeepSeek-R1-Distill-Qwen-1.5B-awq-w3g128-tp1,MATH-500,True,621,2,0.2882447665056361,0.2882447665056361,True,2,0
392,DeepSeek-R1-Distill-Qwen-1.5B-awq-w3g128-tp1,MATH-500,True,11345,293,0.06011458792419568,0.008,False,12,3
393,DeepSeek-R1-Distill-Qwen-1.5B-awq-w3g128-tp1,MATH-500,True,3974,90,0.16985405133366885,0.225,True,7,0
394,DeepSeek-R1-Distill-Qwen-1.5B-awq-w3g128-tp1,MATH-500,False,17943,3003,0.040015604971298,0.0045,True,35,3
395,DeepSeek-R1-Distill-Qwen-1.5B-awq-w3g128-tp1,MATH-500,False,5521,339,0.06375656583952183,0.0205,False,2,77
396,DeepSeek-R1-Distill-Qwen-1.5B-awq-w3g128-tp1,MATH-500,True,1232,22,0.23376623376623376,0.23376623376623376,True,1,0
397,DeepSeek-R1-Distill-Qwen-1.5B-awq-w3g128-tp1,MATH-500,True,857,4,0.2660443407234539,0.2660443407234539,True,1,0
398,DeepSeek-R1-Distill-Qwen-1.5B-awq-w3g128-tp1,MATH-500,True,2973,45,0.13185334678775648,0.146,True,0,0
399,DeepSeek-R1-Distill-Qwen-1.5B-awq-w3g128-tp1,MATH-500,True,4574,200,0.13795365107127242,0.143,True,2,0
400,DeepSeek-R1-Distill-Qwen-1.5B-awq-w3g128-tp1,MATH-500,False,9850,254,0.09857868020304568,0.004,False,12,2
401,DeepSeek-R1-Distill-Qwen-1.5B-awq-w3g128-tp1,MATH-500,True,1027,9,0.3193768257059396,0.3193768257059396,True,1,0
402,DeepSeek-R1-Distill-Qwen-1.5B-awq-w3g128-tp1,MATH-500,False,24390,2925,0.016974169741697416,0.0055,False,6,11
403,DeepSeek-R1-Distill-Qwen-1.5B-awq-w3g128-tp1,MATH-500,False,16823,3525,0.04779171372525709,0.001,False,5,0
404,DeepSeek-R1-Distill-Qwen-1.5B-awq-w3g128-tp1,MATH-500,True,6230,129,0.12279293739967898,0.165,True,2,0
405,DeepSeek-R1-Distill-Qwen-1.5B-awq-w3g128-tp1,MATH-500,True,9791,13,0.036768460831375756,0.0495,True,2,1
406,DeepSeek-R1-Distill-Qwen-1.5B-awq-w3g128-tp1,MATH-500,True,860,6,0.26744186046511625,0.26744186046511625,True,1,0
407,DeepSeek-R1-Distill-Qwen-1.5B-awq-w3g128-tp1,MATH-500,False,19112,2840,0.025010464629552115,0.002,False,2,6
408,DeepSeek-R1-Distill-Qwen-1.5B-awq-w3g128-tp1,MATH-500,False,18389,274,0.02958290282233944,0.0155,False,1,86
409,DeepSeek-R1-Distill-Qwen-1.5B-awq-w3g128-tp1,MATH-500,False,9466,1108,0.07426579336572998,0.005,False,2,0
410,DeepSeek-R1-Distill-Qwen-1.5B-awq-w3g128-tp1,MATH-500,True,4899,61,0.08940600122473974,0.1295,True,1,0
411,DeepSeek-R1-Distill-Qwen-1.5B-awq-w3g128-tp1,MATH-500,True,23394,1045,0.014747371120800205,0.012,False,1,0
412,DeepSeek-R1-Distill-Qwen-1.5B-awq-w3g128-tp1,MATH-500,False,19245,2682,0.031228890620940503,0.002,False,13,0
413,DeepSeek-R1-Distill-Qwen-1.5B-awq-w3g128-tp1,MATH-500,True,19934,4302,0.0327581017357279,0.0045,False,0,0
414,DeepSeek-R1-Distill-Qwen-1.5B-awq-w3g128-tp1,MATH-500,True,910,3,0.2725274725274725,0.2725274725274725,True,1,0
415,DeepSeek-R1-Distill-Qwen-1.5B-awq-w3g128-tp1,MATH-500,False,18936,553,0.029467680608365018,0.043,False,4,0
416,DeepSeek-R1-Distill-Qwen-1.5B-awq-w3g128-tp1,MATH-500,False,6900,170,0.1582608695652174,0.2145,True,29,0
417,DeepSeek-R1-Distill-Qwen-1.5B-awq-w3g128-tp1,MATH-500,False,7467,275,0.09347796973349404,0.1375,True,2,0
418,DeepSeek-R1-Distill-Qwen-1.5B-awq-w3g128-tp1,MATH-500,True,3002,51,0.14090606262491673,0.15,True,1,0
419,DeepSeek-R1-Distill-Qwen-1.5B-awq-w3g128-tp1,MATH-500,False,14259,221,0.043691703485517916,0.057,False,4,1
420,DeepSeek-R1-Distill-Qwen-1.5B-awq-w3g128-tp1,MATH-500,False,19219,12,0.021541183204120923,0.004,False,2,1
421,DeepSeek-R1-Distill-Qwen-1.5B-awq-w3g128-tp1,MATH-500,True,17555,104,0.03235545428652806,0.0565,True,3,2
422,DeepSeek-R1-Distill-Qwen-1.5B-awq-w3g128-tp1,MATH-500,False,23505,794,0.0219527760051053,0.019,False,1,0
423,DeepSeek-R1-Distill-Qwen-1.5B-awq-w3g128-tp1,MATH-500,False,13921,2817,0.039221320307449174,0.001,False,5,0
424,DeepSeek-R1-Distill-Qwen-1.5B-awq-w3g128-tp1,MATH-500,False,18508,523,0.02517830127512427,0.0135,False,0,0
425,DeepSeek-R1-Distill-Qwen-1.5B-awq-w3g128-tp1,MATH-500,False,20040,1372,0.023552894211576848,0.01,False,2,185
426,DeepSeek-R1-Distill-Qwen-1.5B-awq-w3g128-tp1,MATH-500,False,7800,101,0.1123076923076923,0.1315,True,14,0
427,DeepSeek-R1-Distill-Qwen-1.5B-awq-w3g128-tp1,MATH-500,True,1110,5,0.30180180180180183,0.30180180180180183,True,2,0
428,DeepSeek-R1-Distill-Qwen-1.5B-awq-w3g128-tp1,MATH-500,True,14475,153,0.06397236614853195,0.006,False,1,0
429,DeepSeek-R1-Distill-Qwen-1.5B-awq-w3g128-tp1,MATH-500,True,16772,3526,0.021166229430002386,0.0005,False,4,1
430,DeepSeek-R1-Distill-Qwen-1.5B-awq-w3g128-tp1,MATH-500,True,865,13,0.36416184971098264,0.36416184971098264,True,2,0
431,DeepSeek-R1-Distill-Qwen-1.5B-awq-w3g128-tp1,MATH-500,True,8496,1264,0.07262241054613935,0.007,False,1,0
432,DeepSeek-R1-Distill-Qwen-1.5B-awq-w3g128-tp1,MATH-500,False,12127,54,0.027212006267007503,0.0055,False,2,11
433,DeepSeek-R1-Distill-Qwen-1.5B-awq-w3g128-tp1,MATH-500,True,587,3,0.3441226575809199,0.3441226575809199,True,2,0
434,DeepSeek-R1-Distill-Qwen-1.5B-awq-w3g128-tp1,MATH-500,True,2089,13,0.16084250837721398,0.1635,True,2,0
435,DeepSeek-R1-Distill-Qwen-1.5B-awq-w3g128-tp1,MATH-500,True,2461,18,0.18935392117025598,0.1945,True,4,0
436,DeepSeek-R1-Distill-Qwen-1.5B-awq-w3g128-tp1,MATH-500,False,18380,670,0.025353645266594123,0.008,False,3,10
437,DeepSeek-R1-Distill-Qwen-1.5B-awq-w3g128-tp1,MATH-500,True,1657,21,0.2637296318648159,0.2637296318648159,True,2,7
438,DeepSeek-R1-Distill-Qwen-1.5B-awq-w3g128-tp1,MATH-500,True,1769,24,0.24929338609383833,0.24929338609383833,True,2,0
439,DeepSeek-R1-Distill-Qwen-1.5B-awq-w3g128-tp1,MATH-500,True,16098,727,0.037644427879239654,0.047,False,1,38
440,DeepSeek-R1-Distill-Qwen-1.5B-awq-w3g128-tp1,MATH-500,True,1252,18,0.31629392971246006,0.31629392971246006,True,3,0
441,DeepSeek-R1-Distill-Qwen-1.5B-awq-w3g128-tp1,MATH-500,True,2338,33,0.18905047048759624,0.191,True,1,0
442,DeepSeek-R1-Distill-Qwen-1.5B-awq-w3g128-tp1,MATH-500,False,14533,799,0.023188605243239523,0.01,True,3,7
443,DeepSeek-R1-Distill-Qwen-1.5B-awq-w3g128-tp1,MATH-500,False,13698,1296,0.04716016936779092,0.0185,False,6,9
444,DeepSeek-R1-Distill-Qwen-1.5B-awq-w3g128-tp1,MATH-500,True,16231,177,0.02778633479144846,0.013,False,2,6
445,DeepSeek-R1-Distill-Qwen-1.5B-awq-w3g128-tp1,MATH-500,False,15707,720,0.045011778188069014,0.0015,False,7,6
446,DeepSeek-R1-Distill-Qwen-1.5B-awq-w3g128-tp1,MATH-500,True,2533,17,0.15475720489538097,0.151,True,1,0
447,DeepSeek-R1-Distill-Qwen-1.5B-awq-w3g128-tp1,MATH-500,False,11431,432,0.07917067623130085,0.0635,True,6,0
448,DeepSeek-R1-Distill-Qwen-1.5B-awq-w3g128-tp1,MATH-500,True,14465,219,0.04445212582094711,0.023,False,2,0
449,DeepSeek-R1-Distill-Qwen-1.5B-awq-w3g128-tp1,MATH-500,True,15762,481,0.04688491308209618,0.0375,False,1,0
450,DeepSeek-R1-Distill-Qwen-1.5B-awq-w3g128-tp1,MATH-500,False,20033,30,0.02256277142714521,0.025,False,2,5
451,DeepSeek-R1-Distill-Qwen-1.5B-awq-w3g128-tp1,MATH-500,False,17408,1330,0.036420036764705885,0.001,False,2062,0
452,DeepSeek-R1-Distill-Qwen-1.5B-awq-w3g128-tp1,MATH-500,False,12888,403,0.11367163252638113,0.0175,False,4,0
453,DeepSeek-R1-Distill-Qwen-1.5B-awq-w3g128-tp1,MATH-500,True,2871,66,0.20794148380355276,0.2345,True,6,0
454,DeepSeek-R1-Distill-Qwen-1.5B-awq-w3g128-tp1,MATH-500,True,1125,4,0.3297777777777778,0.3297777777777778,True,3,0
455,DeepSeek-R1-Distill-Qwen-1.5B-awq-w3g128-tp1,MATH-500,False,22876,436,0.030250043713936,0.0355,False,4,2
456,DeepSeek-R1-Distill-Qwen-1.5B-awq-w3g128-tp1,MATH-500,False,19945,894,0.017598395587866633,0.009,False,833,0
457,DeepSeek-R1-Distill-Qwen-1.5B-awq-w3g128-tp1,MATH-500,False,20979,1534,0.0286000286000286,0.003,False,5,1
458,DeepSeek-R1-Distill-Qwen-1.5B-awq-w3g128-tp1,MATH-500,True,559,2,0.3076923076923077,0.3076923076923077,True,1,0
459,DeepSeek-R1-Distill-Qwen-1.5B-awq-w3g128-tp1,MATH-500,False,14156,260,0.0747386267307149,0.111,True,11,0
460,DeepSeek-R1-Distill-Qwen-1.5B-awq-w3g128-tp1,MATH-500,True,1704,20,0.22769953051643194,0.22769953051643194,True,2,0
461,DeepSeek-R1-Distill-Qwen-1.5B-awq-w3g128-tp1,MATH-500,True,763,3,0.31716906946264745,0.31716906946264745,True,1,0
462,DeepSeek-R1-Distill-Qwen-1.5B-awq-w3g128-tp1,MATH-500,False,17377,406,0.054324682050986936,0.0925,True,4,3
463,DeepSeek-R1-Distill-Qwen-1.5B-awq-w3g128-tp1,MATH-500,True,806,3,0.3188585607940447,0.3188585607940447,True,1,0
464,DeepSeek-R1-Distill-Qwen-1.5B-awq-w3g128-tp1,MATH-500,True,3565,43,0.1326788218793829,0.174,True,1,0
465,DeepSeek-R1-Distill-Qwen-1.5B-awq-w3g128-tp1,MATH-500,False,17871,773,0.02417324156454591,0.0255,False,1,0
466,DeepSeek-R1-Distill-Qwen-1.5B-awq-w3g128-tp1,MATH-500,True,1506,14,0.24302788844621515,0.24302788844621515,True,0,0
467,DeepSeek-R1-Distill-Qwen-1.5B-awq-w3g128-tp1,MATH-500,False,15787,2241,0.02717425730031038,0.001,False,2247,3
468,DeepSeek-R1-Distill-Qwen-1.5B-awq-w3g128-tp1,MATH-500,False,26110,316,0.020413634622749904,0.038,False,1,7
469,DeepSeek-R1-Distill-Qwen-1.5B-awq-w3g128-tp1,MATH-500,True,2290,35,0.11921397379912664,0.122,True,1,0
470,DeepSeek-R1-Distill-Qwen-1.5B-awq-w3g128-tp1,MATH-500,True,4992,82,0.0985576923076923,0.1375,True,4,1
471,DeepSeek-R1-Distill-Qwen-1.5B-awq-w3g128-tp1,MATH-500,False,24278,2153,0.028585550704341378,0.0455,False,27,0
472,DeepSeek-R1-Distill-Qwen-1.5B-awq-w3g128-tp1,MATH-500,False,2669,548,0.1554889471712252,0.104,False,2,1
473,DeepSeek-R1-Distill-Qwen-1.5B-awq-w3g128-tp1,MATH-500,False,16411,154,0.03515934434220949,0.0505,True,5,2
474,DeepSeek-R1-Distill-Qwen-1.5B-awq-w3g128-tp1,MATH-500,False,10042,242,0.06462856004779924,0.0075,False,4,0
475,DeepSeek-R1-Distill-Qwen-1.5B-awq-w3g128-tp1,MATH-500,True,511,2,0.38551859099804303,0.38551859099804303,True,0,0
476,DeepSeek-R1-Distill-Qwen-1.5B-awq-w3g128-tp1,MATH-500,False,22637,1195,0.02707956001236913,0.049,False,5,0
477,DeepSeek-R1-Distill-Qwen-1.5B-awq-w3g128-tp1,MATH-500,True,1106,3,0.28390596745027125,0.28390596745027125,True,1,0
478,DeepSeek-R1-Distill-Qwen-1.5B-awq-w3g128-tp1,MATH-500,False,21050,500,0.0202375296912114,0.0255,False,0,0
479,DeepSeek-R1-Distill-Qwen-1.5B-awq-w3g128-tp1,MATH-500,True,629,4,0.40540540540540543,0.40540540540540543,True,1,0
480,DeepSeek-R1-Distill-Qwen-1.5B-awq-w3g128-tp1,MATH-500,True,15929,53,0.02611588925858497,0.012,False,3,1
481,DeepSeek-R1-Distill-Qwen-1.5B-awq-w3g128-tp1,MATH-500,False,14618,830,0.04166096593241209,0.0075,False,4,0
482,DeepSeek-R1-Distill-Qwen-1.5B-awq-w3g128-tp1,MATH-500,True,14947,5058,0.06362480765370977,0.0045,False,1576,0
483,DeepSeek-R1-Distill-Qwen-1.5B-awq-w3g128-tp1,MATH-500,True,17465,496,0.027483538505582595,0.0045,False,3,18
484,DeepSeek-R1-Distill-Qwen-1.5B-awq-w3g128-tp1,MATH-500,False,1842,57,0.2953311617806732,0.2953311617806732,False,1,1
485,DeepSeek-R1-Distill-Qwen-1.5B-awq-w3g128-tp1,MATH-500,True,19892,198,0.021415644480193043,0.002,False,3,33
486,DeepSeek-R1-Distill-Qwen-1.5B-awq-w3g128-tp1,MATH-500,False,21348,1110,0.031618887015177066,0.14,False,2,0
487,DeepSeek-R1-Distill-Qwen-1.5B-awq-w3g128-tp1,MATH-500,True,2433,29,0.27209206740649405,0.294,True,2,0
488,DeepSeek-R1-Distill-Qwen-1.5B-awq-w3g128-tp1,MATH-500,True,1787,20,0.24230554001119195,0.24230554001119195,True,1,0
489,DeepSeek-R1-Distill-Qwen-1.5B-awq-w3g128-tp1,MATH-500,True,2201,34,0.18809631985461153,0.184,True,5,0
490,DeepSeek-R1-Distill-Qwen-1.5B-awq-w3g128-tp1,MATH-500,True,21603,25,0.024718789057075405,0.0195,False,4,16
491,DeepSeek-R1-Distill-Qwen-1.5B-awq-w3g128-tp1,MATH-500,True,2462,67,0.22258326563769293,0.2235,True,3,0
492,DeepSeek-R1-Distill-Qwen-1.5B-awq-w3g128-tp1,MATH-500,False,10109,168,0.21990305668216442,0.438,False,4,0
493,DeepSeek-R1-Distill-Qwen-1.5B-awq-w3g128-tp1,MATH-500,True,2126,9,0.26199435559736595,0.266,True,1,0
494,DeepSeek-R1-Distill-Qwen-1.5B-awq-w3g128-tp1,MATH-500,True,18256,2339,0.023444347063978965,0.009,False,2,20
495,DeepSeek-R1-Distill-Qwen-1.5B-awq-w3g128-tp1,MATH-500,True,2669,82,0.17909329336830274,0.205,True,2,0
496,DeepSeek-R1-Distill-Qwen-1.5B-awq-w3g128-tp1,MATH-500,False,21150,540,0.017352245862884162,0.007,False,1,1
497,DeepSeek-R1-Distill-Qwen-1.5B-awq-w3g128-tp1,MATH-500,True,3205,109,0.12449297971918877,0.1215,True,4,0
498,DeepSeek-R1-Distill-Qwen-1.5B-awq-w3g128-tp1,MATH-500,True,1632,17,0.29534313725490197,0.29534313725490197,True,2,0
499,DeepSeek-R1-Distill-Qwen-1.5B-awq-w3g128-tp1,MATH-500,False,15021,6751,0.07442913254776647,0.0025,False,4,0
